SubjectInfo.age_at_birth,sex,SubjectInfo.language_list,subject_num,age,SubjectInfo.sessionNumber,fam_or_test,violation_type,fam_duration,Trials.ordinal,Looks.confidence,Trials.duration,exclude,Trials.excludeReason,LT,is_violation,block_num
39 weeks,m,en,27TGCX,183,1,test,number,fam9,1,0.8318672978825169,40.233,FALSE,NA,21.686,TRUE,1
38 weeks,f,en,2c2W2N,359,1,test,pose,fam8,1,0.6516792803880682,40.324,FALSE,NA,9.665999999999991,TRUE,1
38 weeks,f,en,2c2W2N,359,1,test,identity,fam9,3,0.643249404165181,40.268,FALSE,NA,12.802999999999995,TRUE,2
38 weeks,f,en,2c2W2N,359,1,test,background,fam8,5,NA,0.05,TRUE,total on-look time in trial is less than the minimum cumulative duration (min_durationOn),0,FALSE,3
38 weeks,f,en,2c2W2N,359,1,test,number,fam9,15,NA,40.203,FALSE,NA,40.203,TRUE,4
39 weeks,m,en,33FPcQ,380,1,test,pose,fam9,1,0.6602136774996864,40.206,FALSE,NA,14.017000000000015,TRUE,1
39 weeks,m,en,33FPcQ,380,1,test,background,fam9,3,0.6882208165195253,40.241,FALSE,NA,16.575999999999993,FALSE,2
39 weeks,m,en,33FPcQ,380,1,test,animacy,fam8,5,0.6457630466644455,40.114,FALSE,NA,12.938000000000002,TRUE,3
39 weeks,m,en,33FPcQ,380,1,test,number,fam8,7,0.4624215652096814,40.23,FALSE,NA,5.086999999999988,TRUE,4
39 weeks,f,en,3UXGEX,349,1,test,number,fam9,1,0.9392864104747364,40.191,FALSE,NA,15.483999999999998,TRUE,1
39 weeks,f,en,3UXGEX,349,1,test,animacy,fam9,3,0.6902773169916224,40.293,FALSE,NA,14.889999999999992,TRUE,2
39 weeks,f,en,3UXGEX,349,1,test,background,fam9,5,0.4037360669118043,40.214,FALSE,NA,18.893,FALSE,3
39 weeks,f,en,3UXGEX,349,1,test,identity,fam8,7,0.5868906877809923,40.158,FALSE,NA,9.445,TRUE,4
40 or more weeks,f,en es,454MSU,181,1,test,pose,fam8,1,0.7886284029486085,40.161,FALSE,NA,37.78,TRUE,1
40 or more weeks,f,en es,454MSU,181,1,test,background,fam8,3,0.7327319664570813,40.181,FALSE,NA,15.572,FALSE,2
40 or more weeks,f,en es,454MSU,181,1,test,animacy,fam8,5,0.7317691134079386,40.125,FALSE,NA,22.072,TRUE,3
40 or more weeks,f,en es,454MSU,181,1,test,identity,fam9,7,0.6835828918103011,40.201,FALSE,NA,31.248,TRUE,4
37 weeks,f,en,4VYE2S,278,1,test,number,fam8,1,0.7838508341720849,40.27,FALSE,NA,23.968000000000004,TRUE,1
37 weeks,f,en,4VYE2S,278,1,test,pose,fam8,3,0.7161663508751445,40.177,FALSE,NA,15.024,TRUE,2
37 weeks,f,en,4VYE2S,278,1,test,background,fam8,5,0.6820746631813019,40.174,FALSE,NA,16.705999999999992,FALSE,3
37 weeks,f,en,4VYE2S,278,1,test,identity,fam9,7,0.6861103337695199,40.199,FALSE,NA,5.136000000000003,TRUE,4
39 weeks,f,en,56cEN4,296,1,test,number,fam8,1,0.888853552967048,40.231,FALSE,NA,30.34,TRUE,1
39 weeks,f,en,56cEN4,296,1,test,animacy,fam9,3,0.3515755403055676,40.289,FALSE,NA,25.38,TRUE,2
39 weeks,f,en,56cEN4,296,1,test,background,fam8,5,0.5683697047924239,40.313,FALSE,NA,28.341,FALSE,3
39 weeks,f,en,56cEN4,296,1,test,identity,fam8,7,0.5361546159684658,40.3,FALSE,NA,11.239999999999991,TRUE,4
40 or more weeks,f,en cmn,5C6LDW,228,1,test,identity,fam8,1,0.8409203957782776,40.158,FALSE,NA,35.64400000000001,TRUE,1
40 or more weeks,f,en cmn,5C6LDW,228,1,test,animacy,fam9,3,0.7142828409338735,40.29,FALSE,NA,4.956000000000003,TRUE,2
40 or more weeks,f,en cmn,5C6LDW,228,1,test,background,fam9,5,0.6551908506569479,40.198,FALSE,NA,27.00500000000001,FALSE,3
40 or more weeks,f,en cmn,5C6LDW,228,1,test,pose,fam8,7,0.5478626630283013,40.154,FALSE,NA,24.753,TRUE,4
40 or more weeks,f,en,5L4WK2,319,1,test,background,fam9,1,0.6289641845793952,40.202,FALSE,NA,10.367999999999997,FALSE,1
40 or more weeks,f,en,5L4WK2,319,1,test,number,fam9,3,0.8484684499324726,40.192,FALSE,NA,24.034,TRUE,2
40 or more weeks,f,en,5L4WK2,319,1,test,identity,fam8,5,0.7530228801899487,40.165,FALSE,NA,7.530999999999995,TRUE,3
40 or more weeks,f,en,5L4WK2,319,1,test,pose,fam8,7,0.8688862883382374,40.161,FALSE,NA,2.333000000000002,TRUE,4
40 or more weeks,f,en de vi,5MDcFP,386,1,test,number,fam9,1,NA,0.05,TRUE,total on-look time in trial is less than the minimum cumulative duration (min_durationOn),0.05,TRUE,1
40 or more weeks,f,en de vi,5MDcFP,386,1,test,background,fam9,5,NA,0.05,TRUE,total on-look time in trial is less than the minimum cumulative duration (min_durationOn),0.05,FALSE,2
39 weeks,m,en,67BY2B,360,1,test,pose,fam9,1,0.7253652405524421,40.229,FALSE,NA,12.265999999999996,TRUE,1
39 weeks,m,en,67BY2B,360,1,test,number,fam8,3,0.8059422561561195,40.233,FALSE,NA,25.11999999999999,TRUE,2
39 weeks,m,en,67BY2B,360,1,test,identity,fam9,5,0.7130003355334883,40.201,FALSE,NA,18.226,TRUE,3
39 weeks,m,en,67BY2B,360,1,test,background,fam8,7,0.8002967636158299,40.146,TRUE,total on-look time in trial is less than the minimum cumulative duration (min_durationOn),1.0199999999999996,FALSE,4
39 weeks,m,en es,6QWG3G,229,1,test,background,fam9,1,0.3566520306390601,40.342,FALSE,NA,11.309,FALSE,1
39 weeks,m,en es,6QWG3G,229,1,test,pose,fam8,3,0.4514151130403791,40.329,FALSE,NA,18.510000000000005,TRUE,2
39 weeks,m,en es,6QWG3G,229,1,test,number,fam8,5,0.6135957243190757,40.28,FALSE,NA,3.7020000000000017,TRUE,3
39 weeks,m,en es,6QWG3G,229,1,test,identity,fam8,7,0.2914933813585533,40.262,FALSE,NA,5.205999999999996,TRUE,4
39 weeks,f,en yue,736KcS,212,1,test,number,fam9,1,0.2295496687293053,40.249,FALSE,NA,17.991000000000007,TRUE,1
39 weeks,f,en yue,736KcS,212,1,test,animacy,fam9,3,0.6429405575526539,40.283,FALSE,NA,9.366,TRUE,2
39 weeks,f,en yue,736KcS,212,1,test,background,fam8,5,-0.5333091630640193,40.215,TRUE,total on-look time in trial is less than the minimum cumulative duration (min_durationOn),1.348000000000006,FALSE,3
39 weeks,f,en yue,736KcS,212,1,test,pose,fam8,7,0.18496899430518857,40.175,FALSE,NA,6.169999999999997,TRUE,4
39 weeks,f,en,7MLRTD,331,1,test,background,fam8,1,0.638535136562011,40.315,FALSE,NA,18.682,FALSE,1
39 weeks,f,en,7MLRTD,331,1,test,pose,fam9,3,0.6522604628453081,40.3,FALSE,NA,6.597999999999999,TRUE,2
39 weeks,f,en,7MLRTD,331,1,test,animacy,fam8,5,0.7568178230414006,40.269,FALSE,NA,15.05,TRUE,3
39 weeks,f,en,7MLRTD,331,1,test,number,fam9,7,0.6840426105804822,40.234,FALSE,NA,6.488000000000013,TRUE,4
39 weeks,m,en,7MNDCD,314,1,test,number,fam8,1,0.8759421871663985,40.209,FALSE,NA,10.684,TRUE,1
39 weeks,m,en,7MNDCD,314,1,test,animacy,fam8,3,0.95747151578183,40.835,FALSE,NA,6.602,TRUE,2
39 weeks,m,en,7MNDCD,314,1,test,background,fam9,5,0.8032101950090733,40.144,FALSE,NA,35.625,FALSE,3
39 weeks,m,en,7MNDCD,314,1,test,pose,fam9,7,NA,40.201,FALSE,NA,40.201,TRUE,4
40 or more weeks,f,en,7SEAUR,207,1,test,background,fam8,1,0.6941362791157847,40.2,FALSE,NA,26.02499999999999,FALSE,1
40 or more weeks,f,en,7SEAUR,207,1,test,identity,fam9,3,0.7489783938020003,40.195,FALSE,NA,9.284000000000002,TRUE,2
40 or more weeks,f,en,7SEAUR,207,1,test,number,fam9,5,0.7550366220319721,40.187,FALSE,NA,10.981999999999992,TRUE,3
40 or more weeks,f,en,7SEAUR,207,1,test,pose,fam9,7,0.5429948650489923,40.181,FALSE,NA,18.538000000000004,TRUE,4
37 weeks,f,en,BJKPL2,299,1,test,background,fam8,1,0.7485970034221929,43.533,FALSE,NA,7.503999999999998,FALSE,1
37 weeks,f,en,BJKPL2,299,1,test,animacy,fam9,3,0.7110265539797022,40.286,FALSE,NA,7.188000000000006,TRUE,2
37 weeks,f,en,BJKPL2,299,1,test,number,fam9,5,0.8717365858162651,42.032,FALSE,NA,8.260999999999992,TRUE,3
37 weeks,f,en,BJKPL2,299,1,test,pose,fam9,7,0.7684397141624151,40.179,TRUE,total on-look time in trial is less than the minimum cumulative duration (min_durationOn),1.4380000000000024,TRUE,4
40 or more weeks,m,en,BTZ3Y3,185,1,test,identity,fam9,1,0.6936186232213429,40.226,FALSE,NA,19.122,TRUE,1
40 or more weeks,m,en,BTZ3Y3,185,1,test,background,fam9,3,0.7417888383258141,40.208,FALSE,NA,18.808000000000007,FALSE,2
40 or more weeks,m,en,BTZ3Y3,185,1,test,number,fam8,5,0.6808657307540278,40.224,FALSE,NA,5.001999999999995,TRUE,3
40 or more weeks,m,en,BTZ3Y3,185,1,test,pose,fam8,7,0.6278136221822119,40.201,FALSE,NA,4.3040000000000065,TRUE,4
39 weeks,f,en ko,CCQ5VF,393,1,test,animacy,fam8,1,NA,0.05,TRUE,total on-look time in trial is less than the minimum cumulative duration (min_durationOn),0,TRUE,1
39 weeks,f,en ko,CCQ5VF,393,1,test,identity,fam9,5,0.5827485620975494,40.198,FALSE,NA,9.023000000000003,TRUE,2
39 weeks,f,en ko,CCQ5VF,393,1,test,background,fam8,7,0.6911820411682129,40.188,FALSE,NA,3.3100000000000023,FALSE,3
39 weeks,f,en ko,CCQ5VF,393,1,test,number,fam9,9,NA,0.05,TRUE,total on-look time in trial is less than the minimum cumulative duration (min_durationOn),0.05,TRUE,4
39 weeks,f,en he,CF6ZCX,331,1,test,number,fam8,1,0.7188026809748432,40.23,FALSE,NA,39.907,TRUE,1
39 weeks,f,en he,CF6ZCX,331,1,test,pose,fam8,3,0.7060609057305592,40.195,FALSE,NA,37.109,TRUE,2
39 weeks,f,en he,CF6ZCX,331,1,test,background,fam9,5,0.6586812330533077,40.243,FALSE,NA,17.454000000000008,FALSE,3
39 weeks,f,en he,CF6ZCX,331,1,test,identity,fam9,7,0.6708479908190585,40.232,FALSE,NA,31.670000000000005,TRUE,4
38 weeks,m,en,CJEdEA,270,1,test,animacy,fam8,1,0.7354324819757626,40.129,FALSE,NA,6.717999999999996,TRUE,1
38 weeks,m,en,CJEdEA,270,1,test,pose,fam8,3,0.7188638636869689,40.234,FALSE,NA,10.09500000000001,TRUE,2
38 weeks,m,en,CJEdEA,270,1,test,identity,fam8,5,0.7830249160129937,40.478,FALSE,NA,3.3000000000000043,TRUE,3
38 weeks,m,en,CJEdEA,270,1,test,background,fam9,7,0.6906035053738878,40.19300000000001,FALSE,NA,3.250999999999993,FALSE,4
38 weeks,m,en,CLMDJE,280,1,test,animacy,fam8,1,0.6704948637764939,40.109,FALSE,NA,34.824,TRUE,1
38 weeks,m,en,CLMDJE,280,1,test,number,fam9,3,0.930701908627352,40.19300000000001,FALSE,NA,17.044,TRUE,2
38 weeks,m,en,CLMDJE,280,1,test,background,fam9,5,0.8559740243586549,40.245,FALSE,NA,8.812999999999994,FALSE,3
38 weeks,m,en,CLMDJE,280,1,test,pose,fam8,7,0.6140028315465791,40.16,FALSE,NA,9.061999999999994,TRUE,4
40 or more weeks,m,en,CYc7ZG,290,1,test,animacy,fam9,1,0.5450524461348395,40.31800000000001,FALSE,NA,8.322999999999997,TRUE,1
40 or more weeks,m,en,CYc7ZG,290,1,test,background,fam9,3,0.7910331666711342,40.244,FALSE,NA,7.399999999999999,FALSE,2
40 or more weeks,m,en,CYc7ZG,290,1,test,identity,fam8,5,0.60676519359604,40.292,FALSE,NA,18.87600000000001,TRUE,3
40 or more weeks,m,en,CYc7ZG,290,1,test,pose,fam8,7,0.8612351644172055,40.228,TRUE,total on-look time in trial is less than the minimum cumulative duration (min_durationOn),1.8419999999999987,TRUE,4
40 or more weeks,m,en,DHMcAZ,393,1,test,pose,fam9,1,NA,0.049,TRUE,total on-look time in trial is less than the minimum cumulative duration (min_durationOn),0.049,TRUE,1
40 or more weeks,m,en,DHMcAZ,393,1,test,number,fam8,5,0.7289375406767877,40.173,FALSE,NA,12.217999999999996,TRUE,2
40 or more weeks,m,en,DHMcAZ,393,1,test,background,fam9,7,0.8194419927986253,40.181,FALSE,NA,7.1069999999999975,FALSE,3
40 or more weeks,m,en,DHMcAZ,393,1,test,animacy,fam8,9,0.7751634226755255,40.106,FALSE,NA,21.83600000000001,TRUE,4
37 weeks,m,en,DQQ5ES,229,1,test,background,fam8,1,0.6628702120306639,40.199,FALSE,NA,2.6629999999999967,FALSE,1
37 weeks,m,en,DQQ5ES,229,1,test,pose,fam8,3,0.8263092247338679,40.154,FALSE,NA,13.561000000000009,TRUE,2
37 weeks,m,en,DQQ5ES,229,1,test,number,fam8,5,0.7506442212461987,40.224,FALSE,NA,17.593000000000004,TRUE,3
37 weeks,m,en,DQQ5ES,229,1,test,animacy,fam9,7,0.7611942405508375,40.285,FALSE,NA,6.378999999999992,TRUE,4
36 weeks,f,en es,DTULTV,328,1,test,animacy,fam8,1,0.8541242942891868,40.122,FALSE,NA,9.268999999999998,TRUE,1
36 weeks,f,en es,DTULTV,328,1,test,background,fam9,3,0.35335419107885924,0.05,TRUE,total on-look time in trial is less than the minimum cumulative duration (min_durationOn),0.05,FALSE,2
39 weeks,f,en,DVVR32,204,1,test,animacy,fam9,1,0.9279000346311552,40.294,FALSE,NA,10.496999999999996,TRUE,1
39 weeks,f,en,DVVR32,204,1,test,pose,fam8,3,NA,0.05,TRUE,total on-look time in trial is less than the minimum cumulative duration (min_durationOn),0,TRUE,2
39 weeks,f,en,DVVR32,204,1,test,identity,fam8,7,0.6848281327675205,40.183,FALSE,NA,39.272,TRUE,3
39 weeks,f,en,DVVR32,204,1,test,background,fam8,9,0.8429477961047354,40.172,FALSE,NA,5.7639999999999985,FALSE,4
40 or more weeks,f,en,ERHDZJ,304,1,test,background,fam9,1,NA,40.237,TRUE,total on-look time in trial is less than the minimum cumulative duration (min_durationOn),0,FALSE,1
40 or more weeks,f,en,ERHDZJ,304,1,test,pose,fam9,3,NA,40.177,TRUE,total on-look time in trial is less than the minimum cumulative duration (min_durationOn),0,TRUE,2
40 or more weeks,f,en,ERHDZJ,304,1,test,animacy,fam8,5,0.5809997184084845,40.09,TRUE,total on-look time in trial is less than the minimum cumulative duration (min_durationOn),1.6710000000000034,TRUE,3
40 or more weeks,f,en,ERHDZJ,304,1,test,identity,fam9,7,0.5871754980900071,40.178,FALSE,NA,2.577000000000003,TRUE,4
39 weeks,m,en,EX37dQ,315,1,test,identity,fam9,1,0.7922561421222835,40.186,FALSE,NA,8.053999999999995,TRUE,1
39 weeks,m,en,EX37dQ,315,1,test,number,fam8,3,0.801966103152826,40.187,FALSE,NA,8.19499999999999,TRUE,2
39 weeks,m,en,EX37dQ,315,1,test,animacy,fam8,5,0.6641004641395911,40.119,FALSE,NA,6.867999999999999,TRUE,3
39 weeks,m,en,EX37dQ,315,1,test,background,fam8,7,0.8240934870527423,40.146,TRUE,total on-look time in trial is less than the minimum cumulative duration (min_durationOn),1.753,FALSE,4
38 weeks,f,en,EYZSUD,219,1,test,identity,fam8,1,0.6231946191511973,40.253,FALSE,NA,11.558999999999996,TRUE,1
38 weeks,f,en,EYZSUD,219,1,test,background,fam9,3,0.6819145374664666,40.313,FALSE,NA,5.362000000000002,FALSE,2
38 weeks,f,en,EYZSUD,219,1,test,number,fam8,5,0.918699041998268,40.345,FALSE,NA,9.079999999999998,TRUE,3
38 weeks,f,en,EYZSUD,219,1,test,animacy,fam9,7,0.8572584955601705,40.391,FALSE,NA,5.332999999999998,TRUE,4
39 weeks,f,en,FCGBcF,391,1,test,background,fam8,1,0.91071141281964485,40.152,FALSE,NA,17.349000000000004,FALSE,1
39 weeks,f,en,FCGBcF,391,1,test,number,fam8,3,0.9695135151374716,40.24800000000001,FALSE,NA,40.24800000000001,TRUE,2
39 weeks,f,en,FCGBcF,391,1,test,animacy,fam9,5,0.8519695562484066,40.28,FALSE,NA,13.233999999999996,TRUE,3
39 weeks,f,en,FCGBcF,391,1,test,pose,fam8,7,0.6855739864590829,40.162,FALSE,NA,10.047,TRUE,4
39 weeks,m,en es,FGYMYE,304,1,test,identity,fam8,1,0.6362585832984443,40.172,FALSE,NA,9.061,TRUE,1
39 weeks,m,en es,FGYMYE,304,1,test,pose,fam9,3,0.5219280166278344,40.211,FALSE,NA,5.8859999999999975,TRUE,2
39 weeks,m,en es,FGYMYE,304,1,test,background,fam8,5,0.11241902576552495,40.168,TRUE,total on-look time in trial is less than the minimum cumulative duration (min_durationOn),1.4099999999999984,FALSE,3
39 weeks,m,en es,FGYMYE,304,1,test,number,fam8,7,NA,40.25,FALSE,NA,40.25,TRUE,4
39 weeks,m,en,FcTSN5,393,1,test,background,fam9,1,0.8210891631317864,40.25,FALSE,NA,30.47300000000001,FALSE,1
39 weeks,m,en,FcTSN5,393,1,test,number,fam9,3,0.965698273252532,40.206,FALSE,NA,40.206,TRUE,2
39 weeks,m,en,FcTSN5,393,1,test,identity,fam8,5,0.8964030062656843,40.266,FALSE,NA,22.439,TRUE,3
39 weeks,m,en,FcTSN5,393,1,test,animacy,fam8,7,0.7903596061797049,40.122,FALSE,NA,38.06200000000001,TRUE,4
37 weeks,m,en,G3DJFG,358,1,test,animacy,fam8,1,0.4946840965896387,40.133,FALSE,NA,33.246,TRUE,1
37 weeks,m,en,G3DJFG,358,1,test,background,fam9,3,0.5172489606306945,40.196,FALSE,NA,15.685999999999988,FALSE,2
37 weeks,m,en,G3DJFG,358,1,test,pose,fam8,5,0.5497093563983557,40.164,TRUE,total on-look time in trial is less than the minimum cumulative duration (min_durationOn),0.32000000000000384,TRUE,3
37 weeks,m,en,G3DJFG,358,1,test,number,fam9,7,0.5392207790723395,40.208,FALSE,NA,31.513,TRUE,4
39 weeks,m,en cmn,G6c77X,286,1,test,background,fam9,1,0.7598131033611543,40.191,FALSE,NA,39.59200000000001,FALSE,1
39 weeks,m,en cmn,G6c77X,286,1,test,number,fam9,3,0.8234889327689753,40.217,FALSE,NA,29.879,TRUE,2
39 weeks,m,en cmn,G6c77X,286,1,test,pose,fam9,5,0.6661529479166507,40.194,FALSE,NA,28.305,TRUE,3
39 weeks,m,en cmn,G6c77X,286,1,test,animacy,fam8,7,0.6765745306111495,40.113,FALSE,NA,36.337,TRUE,4
39 weeks,f,en,GE6KdF,197,1,test,number,fam8,1,0.7875771600349956,40.158,FALSE,NA,33.521,TRUE,1
39 weeks,f,en,GE6KdF,197,1,test,pose,fam8,3,0.6645691505371037,40.247,FALSE,NA,8.273000000000009,TRUE,2
39 weeks,f,en,GE6KdF,197,1,test,identity,fam9,5,0.7759129436656168,40.194,FALSE,NA,2.9600000000000013,TRUE,3
39 weeks,f,en,GE6KdF,197,1,test,background,fam9,7,0.7869806304979585,40.176,FALSE,NA,17.997,FALSE,4
39 weeks,m,en ur,HAMLQ7,234,1,test,identity,fam8,1,0.760324089615549,40.163,FALSE,NA,11.34,TRUE,1
39 weeks,m,en ur,HAMLQ7,234,1,test,background,fam8,3,0.8693948596748473,40.164,FALSE,NA,4.073,FALSE,2
39 weeks,m,en ur,HAMLQ7,234,1,test,animacy,fam9,5,0.9043028366916928,40.272,FALSE,NA,18.991,TRUE,3
39 weeks,m,en ur,HAMLQ7,234,1,test,pose,fam8,7,0.8028708861902909,40.221,FALSE,NA,5.442999999999998,TRUE,4
40 or more weeks,m,en,HNBDJY,183,1,test,animacy,fam9,1,0.6183324092654663,40.277,FALSE,NA,12.706,TRUE,1
40 or more weeks,m,en,HNBDJY,183,1,test,pose,fam8,3,0.5561710990955427,40.216,FALSE,NA,26.446,TRUE,2
40 or more weeks,m,en,HNBDJY,183,1,test,background,fam8,5,0.7813370985089495,40.208,FALSE,NA,3.019999999999996,FALSE,3
40 or more weeks,m,en,HNBDJY,183,1,test,number,fam9,7,0.8285292711703961,40.245,FALSE,NA,10.006999999999994,TRUE,4
39 weeks,m,en,J2KEE7,308,1,test,number,fam9,1,0.7569048385360985,40.198,FALSE,NA,8.961000000000006,TRUE,1
39 weeks,m,en,J2KEE7,308,1,test,pose,fam9,3,0.6785514272222141,40.19,FALSE,NA,8.907000000000002,TRUE,2
39 weeks,m,en,J2KEE7,308,1,test,background,fam8,5,0.6193234319305654,40.166,FALSE,NA,4.4839999999999955,FALSE,3
39 weeks,m,en,J2KEE7,308,1,test,animacy,fam8,7,0.6086240677357249,40.121,TRUE,total on-look time in trial is less than the minimum cumulative duration (min_durationOn),1.2689999999999984,TRUE,4
40 or more weeks,f,en es,JRKJGS,344,1,test,pose,fam8,1,0.662357415975911,40.189,FALSE,NA,17.201000000000004,TRUE,1
40 or more weeks,f,en es,JRKJGS,344,1,test,number,fam8,3,0.8626974758573989,40.267,FALSE,NA,36.01500000000001,TRUE,2
40 or more weeks,f,en es,JRKJGS,344,1,test,identity,fam9,5,0.7653644298788993,40.213,FALSE,NA,24.915,TRUE,3
40 or more weeks,f,en es,JRKJGS,344,1,test,background,fam8,7,0.5295033857492473,40.169,FALSE,NA,10.705999999999992,FALSE,4
39 weeks,m,en,LMcCDF,303,1,test,animacy,fam8,1,0.64065632868047,40.111,FALSE,NA,37.932,TRUE,1
39 weeks,m,en,LMcCDF,303,1,test,background,fam9,3,0.7275001289189411,40.197,FALSE,NA,36.108,FALSE,2
39 weeks,m,en,LMcCDF,303,1,test,pose,fam8,5,0.6527393251657486,40.173,FALSE,NA,5.466000000000001,TRUE,3
39 weeks,m,en,LMcCDF,303,1,test,number,fam9,7,0.8420092707649917,40.214,FALSE,NA,16.499999999999993,TRUE,4
38 weeks,f,en fr,LTJFP5,253,1,test,pose,fam9,1,0.8613517601655661,40.205,FALSE,NA,37.576,TRUE,1
38 weeks,f,en fr,LTJFP5,253,1,test,identity,fam8,3,0.6257009065558602,40.176,FALSE,NA,9.594000000000005,TRUE,2
38 weeks,f,en fr,LTJFP5,253,1,test,number,fam8,5,0.9196213466641908,40.231,FALSE,NA,10.07099999999999,TRUE,3
38 weeks,f,en fr,LTJFP5,253,1,test,background,fam9,7,0.8347179266825209,40.184,FALSE,NA,13.764999999999995,FALSE,4
40 or more weeks,f,en,LXBASS,313,1,test,number,fam8,1,0.7212927627840933,40.228,FALSE,NA,19.125,TRUE,1
40 or more weeks,f,en,LXBASS,313,1,test,pose,fam8,3,0.6253337466198465,40.165,FALSE,NA,4.269999999999996,TRUE,2
40 or more weeks,f,en,LXBASS,313,1,test,identity,fam9,5,0.808583214879036,40.176,FALSE,NA,30.592,TRUE,3
40 or more weeks,f,en,LXBASS,313,1,test,background,fam9,7,NA,40.234,FALSE,NA,3.6789999999999954,FALSE,4
40 or more weeks,f,en,MP2T2L,336,1,test,number,fam8,1,0.9000253550988615,40.232,FALSE,NA,12.176000000000002,TRUE,1
40 or more weeks,f,en,MP2T2L,336,1,test,pose,fam9,3,0.7425309681945667,40.202,FALSE,NA,3.857999999999997,TRUE,2
40 or more weeks,f,en,MP2T2L,336,1,test,background,fam9,5,0.5735810344324699,40.187,FALSE,NA,21.38000000000001,FALSE,3
40 or more weeks,f,en,MP2T2L,336,1,test,animacy,fam9,7,0.7316835664350831,40.279,FALSE,NA,13.838999999999992,TRUE,4
40 or more weeks,f,en cmn,N2MJ27,308,1,test,animacy,fam8,1,0.610624678413706,40.107,FALSE,NA,38.431,TRUE,1
40 or more weeks,f,en cmn,N2MJ27,308,1,test,pose,fam9,3,0.5105407355603767,40.207,FALSE,NA,7.966000000000005,TRUE,2
40 or more weeks,f,en cmn,N2MJ27,308,1,test,number,fam8,5,0.9595899453909694,40.247,FALSE,NA,17.563999999999997,TRUE,3
40 or more weeks,f,en cmn,N2MJ27,308,1,test,background,fam8,7,0.4686155285627122,40.163,FALSE,NA,34.376,FALSE,4
40 or more weeks,f,en fr es,NDBKW5,369,1,test,animacy,fam8,1,0.7747098231560993,40.109,FALSE,NA,29.44500000000001,TRUE,1
40 or more weeks,f,en fr es,NDBKW5,369,1,test,number,fam9,3,0.3036981969726376,40.217,FALSE,NA,20.907,TRUE,2
40 or more weeks,f,en fr es,NDBKW5,369,1,test,pose,fam8,5,0.31422457336777393,40.153,FALSE,NA,3.7569999999999983,TRUE,3
40 or more weeks,f,en fr es,NDBKW5,369,1,test,background,fam9,7,NA,0.05,TRUE,total on-look time in trial is less than the minimum cumulative duration (min_durationOn),0,FALSE,4
37 weeks,f,en yue,PNRB3X,277,1,test,identity,fam9,1,0.8487114139398347,40.41,FALSE,NA,31.397,TRUE,1
37 weeks,f,en yue,PNRB3X,277,1,test,number,fam8,3,0.7641808868114253,40.334,FALSE,NA,34.699000000000005,TRUE,2
37 weeks,f,en yue,PNRB3X,277,1,test,animacy,fam9,5,0.6123779541200918,40.409,FALSE,NA,20.765000000000008,TRUE,3
37 weeks,f,en yue,PNRB3X,277,1,test,background,fam8,7,0.5862158551588551,40.434,FALSE,NA,5.9489999999999945,FALSE,4
40 or more weeks,f,en,PSSYGK,183,1,test,pose,fam8,1,0.9640977746405288,40.255,FALSE,NA,40.255,TRUE,1
40 or more weeks,f,en,PSSYGK,183,1,test,background,fam8,3,0.8522309129317859,40.164,FALSE,NA,38.08600000000001,FALSE,2
40 or more weeks,f,en,PSSYGK,183,1,test,number,fam8,5,0.8071577327535582,40.217,FALSE,NA,38.41,TRUE,3
40 or more weeks,f,en,PSSYGK,183,1,test,animacy,fam9,7,0.8423790567714757,40.289,FALSE,NA,39.555,TRUE,4
39 weeks,m,en es,QWFQWK,181,1,test,animacy,fam8,1,0.7578008799248589,40.13800000000001,FALSE,NA,28.651,TRUE,1
39 weeks,m,en es,QWFQWK,181,1,test,background,fam8,3,0.7206798761543903,40.231,FALSE,NA,3.786000000000002,FALSE,2
39 weeks,m,en es,QWFQWK,181,1,test,pose,fam9,5,0.6963810979694042,40.182,FALSE,NA,3.160000000000004,TRUE,3
39 weeks,m,en es,QWFQWK,181,1,test,identity,fam9,7,0.8061074048622892,40.178,FALSE,NA,2.539999999999992,TRUE,4
39 weeks,f,en,RHNRMG,366,1,test,pose,fam8,1,0.743191095839141,40.181,FALSE,NA,37.691,TRUE,1
39 weeks,f,en,RHNRMG,366,1,test,background,fam9,3,NA,0.05,TRUE,total on-look time in trial is less than the minimum cumulative duration (min_durationOn),0,FALSE,2
39 weeks,f,en,RHNRMG,366,1,test,animacy,fam8,7,0.5553672039931808,40.12,FALSE,NA,28.111000000000004,TRUE,3
39 weeks,f,en,RHNRMG,366,1,test,identity,fam8,9,0.6571129146320195,40.258,TRUE,total on-look time in trial is less than the minimum cumulative duration (min_durationOn),0.13000000000000256,TRUE,4
39 weeks,f,en,RHSFBK,375,1,test,pose,fam9,1,0.7163513305811515,40.2,FALSE,NA,24.809,TRUE,1
39 weeks,f,en,RHSFBK,375,1,test,background,fam9,3,0.7641613929903398,40.221,FALSE,NA,23.68099999999999,FALSE,2
39 weeks,f,en,RHSFBK,375,1,test,identity,fam9,5,0.5332618172387058,40.195,FALSE,NA,38.676,TRUE,3
39 weeks,f,en,RHSFBK,375,1,test,number,fam8,7,0.7055575053983015,40.256,FALSE,NA,29.500000000000004,TRUE,4
38 weeks,m,en,Rd4463,208,1,test,number,fam8,1,0.6839299855114825,40.247,FALSE,NA,13.820000000000006,TRUE,1
38 weeks,m,en,Rd4463,208,1,test,animacy,fam9,3,0.5277539721861981,40.281,FALSE,NA,21.86600000000001,TRUE,2
38 weeks,m,en,Rd4463,208,1,test,background,fam8,5,0.6525817556791664,40.22,TRUE,total on-look time in trial is less than the minimum cumulative duration (min_durationOn),0.5010000000000012,FALSE,3
38 weeks,m,en,Rd4463,208,1,test,pose,fam9,7,0.4579042167117155,40.201,FALSE,NA,6.634000000000004,TRUE,4
36 weeks,m,en,S3Z7TA,252,1,test,background,fam9,1,NA,40.257,FALSE,NA,40.257,FALSE,1
36 weeks,m,en,S3Z7TA,252,1,test,pose,fam8,3,NA,40.173,FALSE,NA,40.173,TRUE,2
36 weeks,m,en,S3Z7TA,252,1,test,number,fam8,5,NA,40.229,FALSE,NA,40.229,TRUE,3
36 weeks,m,en,S3Z7TA,252,1,test,identity,fam9,7,NA,40.219,FALSE,NA,40.219,TRUE,4
40 or more weeks,f,en vi,SVH4QE,243,1,test,identity,fam8,1,0.9956375632262132,40.212,FALSE,NA,38.94600000000001,TRUE,1
40 or more weeks,f,en vi,SVH4QE,243,1,test,number,fam9,3,0.9516388092636529,40.184,FALSE,NA,9.628,TRUE,2
40 or more weeks,f,en vi,SVH4QE,243,1,test,background,fam8,5,0.9842973056714788,40.172,FALSE,NA,40.172,FALSE,3
40 or more weeks,f,en vi,SVH4QE,243,1,test,animacy,fam8,7,0.9177371754800216,40.106,FALSE,NA,33.64600000000001,TRUE,4
38 weeks,f,en vi,Sc34Ld,240,1,test,pose,fam8,1,0.5625288349774541,40.433,FALSE,NA,20.984,TRUE,1
38 weeks,f,en vi,Sc34Ld,240,1,test,animacy,fam8,3,0.6706893906396929,40.135,FALSE,NA,32.265,TRUE,2
38 weeks,f,en vi,Sc34Ld,240,1,test,identity,fam9,5,0.6170780403173418,40.215,FALSE,NA,8.767000000000003,TRUE,3
38 weeks,f,en vi,Sc34Ld,240,1,test,background,fam9,7,0.8076223129340321,40.191,FALSE,NA,28.114,FALSE,4
40 or more weeks,m,en fr,U3SM2X,291,1,test,background,fam9,1,0.6806079962520731,40.188,FALSE,NA,28.95,FALSE,1
40 or more weeks,m,en fr,U3SM2X,291,1,test,identity,fam9,3,0.6969526879712302,40.19,FALSE,NA,11.666,TRUE,2
40 or more weeks,m,en fr,U3SM2X,291,1,test,animacy,fam8,5,0.7849603520262286,40.124,FALSE,NA,30.168000000000006,TRUE,3
40 or more weeks,m,en fr,U3SM2X,291,1,test,pose,fam9,7,0.6172038372007728,40.183,FALSE,NA,4.227000000000004,TRUE,4
38 weeks,f,en de yo,UHZZRQ,333,1,test,background,fam9,1,NA,40.204,FALSE,NA,NA,FALSE,1
38 weeks,f,en de yo,UHZZRQ,333,1,test,identity,fam8,3,NA,40.497,FALSE,NA,NA,TRUE,2
38 weeks,f,en de yo,UHZZRQ,333,1,test,pose,fam8,5,NA,40.208,FALSE,NA,40.208,TRUE,3
38 weeks,f,en de yo,UHZZRQ,333,1,test,number,fam8,7,NA,40.247,FALSE,NA,NA,TRUE,4
40 or more weeks,m,en,WGQJCd,205,1,test,background,fam8,1,0.6656681101644447,40.28,FALSE,NA,27.415,FALSE,1
40 or more weeks,m,en,WGQJCd,205,1,test,number,fam8,3,0.6120102950175184,40.323,FALSE,NA,7.387,TRUE,2
40 or more weeks,m,en,WGQJCd,205,1,test,identity,fam9,5,0.8092613536135662,40.375,FALSE,NA,9.628000000000004,TRUE,3
40 or more weeks,m,en,WGQJCd,205,1,test,animacy,fam9,7,0.78386729903477,40.404,FALSE,NA,4.385000000000005,TRUE,4
39 weeks,m,en,WVTC63,311,1,test,identity,fam9,1,0.7781934994620799,40.189,FALSE,NA,8.471000000000004,TRUE,1
39 weeks,m,en,WVTC63,311,1,test,number,fam8,3,0.8934509721526885,40.265,FALSE,NA,14.846000000000004,TRUE,2
39 weeks,m,en,WVTC63,311,1,test,pose,fam9,5,0.7668525589443953,40.225,FALSE,NA,20.815999999999995,TRUE,3
39 weeks,m,en,WVTC63,311,1,test,background,fam8,7,0.5304761172996627,40.205,FALSE,NA,3.674999999999997,FALSE,4
38 weeks,m,en ja,WZVM33,315,1,test,pose,fam9,1,0.8003724039760678,40.187,FALSE,NA,17.972,TRUE,1
38 weeks,m,en ja,WZVM33,315,1,test,number,fam8,3,0.9075274127518432,40.178,FALSE,NA,26.202,TRUE,2
38 weeks,m,en ja,WZVM33,315,1,test,background,fam9,5,0.918728843098886,40.201,FALSE,NA,4.429000000000006,FALSE,3
38 weeks,m,en ja,WZVM33,315,1,test,identity,fam8,7,0.9086742246683628,40.245,FALSE,NA,6.645,TRUE,4
37 weeks,m,en,X7RSKU,265,1,test,number,fam8,1,NA,0.05,TRUE,total on-look time in trial is less than the minimum cumulative duration (min_durationOn),0.05,TRUE,1
40 or more weeks,m,en,XJEDQY,373,1,test,background,fam9,1,0.7631086712550108,40.184,FALSE,NA,3.3080000000000003,FALSE,1
40 or more weeks,m,en,XJEDQY,373,1,test,pose,fam9,3,0.6007626236365302,40.216,TRUE,total on-look time in trial is less than the minimum cumulative duration (min_durationOn),1.7010000000000076,TRUE,2
40 or more weeks,m,en,XJEDQY,373,1,test,identity,fam8,5,NA,0.05,TRUE,total on-look time in trial is less than the minimum cumulative duration (min_durationOn),0,TRUE,3
39 weeks,f,en,XLXT6Z,393,1,test,number,fam9,1,0.7510410991111529,40.262,FALSE,NA,27.022,TRUE,1
39 weeks,f,en,XLXT6Z,393,1,test,background,fam8,3,0.7219281075678854,40.327,FALSE,NA,36.102,FALSE,2
39 weeks,f,en,XLXT6Z,393,1,test,animacy,fam8,5,0.6096332826988307,40.211,FALSE,NA,17.391999999999996,TRUE,3
39 weeks,f,en,XLXT6Z,393,1,test,pose,fam8,7,0.6430245328353144,40.361,FALSE,NA,6.8870000000000005,TRUE,4
36 weeks,f,en,XMMHFY,344,1,test,pose,fam9,1,0.6918540285530169,40.206,FALSE,NA,24.215000000000003,TRUE,1
36 weeks,f,en,XMMHFY,344,1,test,background,fam9,3,0.8037913499006859,40.236,FALSE,NA,4.639000000000003,FALSE,2
36 weeks,f,en,XMMHFY,344,1,test,number,fam9,5,0.8427794202370912,40.22,FALSE,NA,13.109999999999996,TRUE,3
36 weeks,f,en,XMMHFY,344,1,test,animacy,fam8,7,0.7244182333660797,40.148,FALSE,NA,29.625000000000004,TRUE,4
40 or more weeks,f,en ru,YTV5Dc,271,1,test,animacy,fam9,1,0.7371960758506994,40.305,FALSE,NA,35.738,TRUE,1
40 or more weeks,f,en ru,YTV5Dc,271,1,test,background,fam8,3,0.8417186358030468,40.169,FALSE,NA,7.965999999999994,FALSE,2
40 or more weeks,f,en ru,YTV5Dc,271,1,test,pose,fam9,5,0.7219074782887641,40.211,FALSE,NA,26.467,TRUE,3
40 or more weeks,f,en ru,YTV5Dc,271,1,test,number,fam8,7,0.904938037487664,40.197,FALSE,NA,25.91200000000001,TRUE,4
39 weeks,f,en es,cFNHML,219,1,test,animacy,fam9,1,0.63712079694311,40.27,FALSE,NA,36.20200000000001,TRUE,1
39 weeks,f,en es,cFNHML,219,1,test,background,fam8,3,0.5733445266981355,40.167,FALSE,NA,7.917000000000003,FALSE,2
39 weeks,f,en es,cFNHML,219,1,test,number,fam8,5,0.7153482330940252,40.236999999999995,FALSE,NA,36.12300000000001,TRUE,3
39 weeks,f,en es,cFNHML,219,1,test,identity,fam9,7,0.5788598154350919,40.181,FALSE,NA,11.184,TRUE,4
