experiment,subject_num,fam_duration,age,sex,SubjectInfo.sessionNumber,fam_or_test,test_type,animal,Trials.ordinal,Looks.confidence,Trials.duration,Trials.excludeTrial,Trials.excludeReason,LT,block_num,exclude,is_violation
7,PKBB_01,8,284,F,1,test,background,5,1,0.733592470185825,9.217,False,,4.871,1,FALSE,FALSE
7,PKBB_01,9,284,F,1,test,animacy,6,3,0.570683161967443,26.976,False,,25.858,2,FALSE,TRUE
7,PKBB_02,8,225,M,1,test,animacy,1,1,0.7971761168600874,60,False,,30.513,1,FALSE,TRUE
7,PKBB_02,8,225,M,1,test,pose,2,5,0.7629370311435361,44.557,False,,14.338000000000005,3,FALSE,TRUE
7,PKBB_02,9,225,M,1,test,background,3,7,0.6629187455865181,15.885,False,,4.0790000000000015,4,FALSE,FALSE
7,PKBB_04,8,219,F,1,test,background,4,5,0.7002064319914156,60,False,,14.567,3,FALSE,FALSE
7,PKBB_04,9,219,F,1,test,animacy,3,1,0.8905176781328072,18.321,False,,10.353000000000002,1,FALSE,TRUE
7,PKBB_04,9,219,F,1,test,identity,5,3,0.6746827705967744,24.66800000000001,False,,21.47900000000001,2,FALSE,TRUE
7,PKBB_05,8,277,F,1,test,identity,2,1,0.7486850316660052,53.972,False,,52.453,1,FALSE,TRUE
7,PKBB_05,8,277,F,1,test,pose,1,7,0.722840017557874,22.32,False,,10.442999999999998,4,FALSE,TRUE
7,PKBB_05,9,277,F,1,test,background,5,3,0.7756058916166175,25.452,False,,25.452,2,FALSE,FALSE
7,PKBB_05,9,277,F,1,test,animacy,3,5,0.7870017065979495,58.054,False,,43.18899999999997,3,FALSE,TRUE
7,PKBB_06,8,303,F,1,test,pose,5,3,0.2287675506031973,51.553,False,,8.494,2,FALSE,TRUE
7,PKBB_06,9,303,F,1,test,number,3,5,0.24724723522518743,47.665,False,,27.14899999999999,3,FALSE,TRUE
7,PKBB_07,8,259,M,1,test,number,4,3,0.9025812928493206,9.673,False,,9.075,2,FALSE,TRUE
7,PKBB_07,8,259,M,1,test,animacy,2,7,0.6401266537615714,27.101,False,,3.616,4,FALSE,TRUE
7,PKBB_07,9,259,M,1,test,pose,6,1,0.6723110626141229,8.228,False,,4.271,1,FALSE,TRUE
7,PKBB_07,9,259,M,1,test,background,5,5,0.8159247602025668,12.172,False,,3.5560000000000014,3,FALSE,FALSE
7,PKBB_08,8,280,F,1,test,animacy,6,5,0.9021917310531372,25.657,False,,24.381,3,FALSE,TRUE
7,PKBB_08,9,280,F,1,test,background,3,3,0.7367395979991848,51.495,False,,5.527000000000001,2,FALSE,FALSE
7,PKBB_08,9,280,F,1,test,identity,5,7,0.8199270287270338,60,False,,55.324,4,FALSE,TRUE
7,PKBB_09,8,270,F,1,test,pose,6,5,0.8054906698759474,21.221,False,,6.053999999999999,3,FALSE,TRUE
7,PKBB_09,8,270,F,1,test,animacy,1,7,0.6169619756864536,38.075,False,,15.093000000000004,4,FALSE,TRUE
7,PKBB_09,9,270,F,1,test,identity,5,3,0.7351259264272519,39.911,False,,17.553,2,FALSE,TRUE
7,PKBB_10,8,244,M,1,test,pose,2,1,0.9049131486039136,20.877,False,,2.840999999999997,1,FALSE,TRUE
7,PKBB_10,9,244,M,1,test,animacy,3,3,0.9537879263049782,43.526,False,,4.513000000000004,2,FALSE,TRUE
7,PKBB_10,9,244,M,1,test,background,4,7,0.762823064163676,37.561,False,,3.183999999999997,4,FALSE,FALSE
7,PKBB_11,8,280,M,1,test,background,6,5,NA,11.084,False,,11.084,3,FALSE,FALSE
7,PKBB_11,8,280,M,1,test,identity,1,7,NA,8.515,False,,8.515,4,FALSE,TRUE
7,PKBB_11,9,280,M,1,test,number,4,1,NA,59.731,False,,59.731,1,FALSE,TRUE
7,PKBB_11,9,280,M,1,test,pose,5,3,NA,5.4,False,,5.4,2,FALSE,TRUE
7,PKBB_12,8,316,F,1,test,background,3,5,0.6623137299066935,16.707,False,,15.255999999999998,3,FALSE,FALSE
7,PKBB_12,8,316,F,1,test,number,1,7,0.4940061857046358,38.772,False,,7.0479999999999965,4,FALSE,TRUE
7,PKBB_12,9,316,F,1,test,identity,2,1,0.7268737154757867,60,False,,3.75,1,FALSE,TRUE
7,PKBB_12,9,316,F,1,test,pose,5,3,0.7264530943259351,47.855,False,,10.603999999999992,2,FALSE,TRUE
7,PKBB_13,8,225,F,1,test,animacy,6,3,0.6250647210885608,34.88,False,,11.081000000000005,2,FALSE,TRUE
7,PKBB_13,8,225,F,1,test,identity,4,7,0.5438504665866164,33.224000000000004,False,,10.545999999999996,4,FALSE,TRUE
7,PKBB_13,9,225,F,1,test,background,1,1,0.8223543721465991,18.189,False,,2.712000000000001,1,FALSE,FALSE
7,PKBB_14,8,260,F,1,test,background,2,1,0.8436963240067933,11.605,False,,6.649,1,FALSE,FALSE
7,PKBB_14,8,260,F,1,test,identity,6,7,0.6576081875741786,15.855,False,,13.56,4,FALSE,TRUE
7,PKBB_14,9,260,F,1,test,animacy,4,3,0.7891750038833252,26.412,False,,3.282,2,FALSE,TRUE
7,PKBB_15,8,282,F,1,test,number,2,1,0.6768879600261987,21.853,False,,11.793000000000005,1,FALSE,TRUE
7,PKBB_15,8,282,F,1,test,pose,1,7,0.5511749391044889,21.006,False,,6.3240000000000025,4,FALSE,TRUE
7,PKBB_15,9,282,F,1,test,background,5,3,0.6701301748773697,19.195,False,,18.239,2,FALSE,FALSE
7,PKBB_16,8,264,F,1,test,animacy,3,1,0.8423649422450429,17.957,False,,7.072000000000001,1,FALSE,TRUE
7,PKBB_16,8,264,F,1,test,background,4,7,0.4744523704525024,12.453,False,,7.537000000000001,4,FALSE,FALSE
7,PKBB_16,9,264,F,1,test,number,5,3,0.6586191763769629,31.364,False,,14.324000000000003,2,FALSE,TRUE
7,PKBB_16,9,264,F,1,test,identity,2,5,0.6537083794336338,53.374,False,,5.304000000000002,3,FALSE,TRUE
7,PKBB_17,8,268,F,1,test,pose,3,7,0.8189357838334599,39.794,False,,6.719999999999999,4,FALSE,TRUE
7,PKBB_17,9,268,F,1,test,identity,1,1,0.6450954202617903,15.226,False,,8.443999999999999,1,FALSE,TRUE
7,PKBB_17,9,268,F,1,test,background,2,3,0.8557462736094381,10.009,False,,9.83,2,FALSE,FALSE
7,PKBB_18,9,227,F,1,test,identity,2,3,0.4053811530272166,10.274,False,,8.875,2,FALSE,TRUE
7,PKBB_18,9,227,F,1,test,number,5,5,0.7285861603202162,27.174,False,,22.738000000000003,3,FALSE,TRUE
7,PKBB_22,8,247,F,1,test,pose,2,1,0.8120306139249426,24.129,False,,6.830000000000003,1,FALSE,TRUE
7,PKBB_22,8,247,F,1,test,number,5,5,0.6248405510352718,20.475,False,,6.717999999999997,3,FALSE,TRUE
7,PKBB_22,9,247,F,1,test,identity,3,3,0.6204581898876599,42.054,False,,11.549999999999995,2,FALSE,TRUE
7,PKBB_22,9,247,F,1,test,background,6,7,0.6593518476652843,16.907,False,,9.869,4,FALSE,FALSE
7,PKBB_24,8,299,F,1,test,background,3,1,0.8450732809631637,36.374,False,,33.576,1,FALSE,FALSE
7,PKBB_24,9,299,F,1,test,number,2,5,0.7617812238751294,17.151,False,,6.705999999999999,3,FALSE,TRUE
7,PKBB_25,8,335,M,1,test,background,1,5,0.6989165114031898,16.491,False,,16.332,3,FALSE,FALSE
7,PKBB_25,8,335,M,1,test,identity,4,7,0.7778635910526271,25.665,False,,24.826,4,FALSE,TRUE
7,PKBB_25,9,335,M,1,test,number,2,1,0.745672228399105,60,False,,37.161,1,FALSE,TRUE
7,PKBB_25,9,335,M,1,test,animacy,5,3,0.7432616212190611,47.28,False,,29.393,2,FALSE,TRUE
7,PKBB_26,8,330,F,1,test,identity,1,1,0.7329031590427338,46.658,False,,41.667,1,FALSE,TRUE
7,PKBB_26,8,330,F,1,test,animacy,3,5,0.6590877845017941,43.151,False,,15.614,3,FALSE,TRUE
7,PKBB_26,9,330,F,1,test,background,5,3,0.7362643461242006,43.56399999999999,False,,39.688,2,FALSE,FALSE
7,PKBB_26,9,330,F,1,test,number,6,7,NA,18.266,False,,18.266,4,FALSE,TRUE
7,PKBB_27,8,277,M,1,test,number,4,1,0.8630034668563998,60,False,,58.721,1,FALSE,TRUE
7,PKBB_27,8,277,M,1,test,animacy,2,7,0.8741040086066755,60,False,,9.593999999999994,4,FALSE,TRUE
7,PKBB_27,9,277,M,1,test,pose,1,3,0.8724709634720893,55.721,False,,53.28499999999999,2,FALSE,TRUE
7,PKBB_27,9,277,M,1,test,background,6,5,0.9047798501924502,36.256,False,,6.530000000000001,3,FALSE,FALSE
7,PKBB_28,9,276,M,1,test,number,6,3,0.711745639173105,18.992,False,,4.3260000000000005,2,FALSE,TRUE
7,PKBB_29,8,239,M,1,test,background,1,1,0.6546456791091072,23.895,False,,20.704,1,FALSE,FALSE
7,PKBB_29,8,239,M,1,test,animacy,6,3,0.995169581891024,23.128,False,,21.545,2,FALSE,TRUE
7,PKBB_29,9,239,M,1,test,identity,3,5,0.978757907184954,20.654,False,,20.654,3,FALSE,TRUE
7,PKBB_29,9,239,M,1,test,pose,4,7,0.9919301110165222,18.247,False,,18.247,4,FALSE,TRUE
7,PKBB_30,8,390,M,1,test,animacy,4,1,0.8593122366274608,52.297,False,,51.46,1,FALSE,TRUE
7,PKBB_30,8,390,M,1,test,number,5,7,0.8708696897466908,60,False,,10.517000000000005,4,FALSE,TRUE
7,PKBB_30,9,390,M,1,test,pose,2,5,0.8502488541044645,27.741,False,,21.669999999999995,3,FALSE,TRUE
7,PKBB_31,8,246,F,1,test,identity,2,1,0.5941543422217503,38.6,False,,31.584,1,FALSE,TRUE
7,PKBB_31,8,246,F,1,test,background,4,5,0.7492268752713918,12.105,False,,12.105,3,FALSE,FALSE
7,PKBB_31,9,246,F,1,test,pose,6,3,0.5443232219068732,18.391,False,,16.554999999999996,2,FALSE,TRUE
7,PKBB_32,8,296,F,1,test,background,5,1,NA,42.072,False,,42.072,1,FALSE,FALSE
7,PKBB_32,8,296,F,1,test,animacy,4,3,NA,45.257,False,,44.699,2,FALSE,TRUE
7,PKBB_32,9,296,F,1,test,identity,2,5,0.6549996137619019,23.685,False,,23.685,3,FALSE,TRUE
7,PKBB_32,9,296,F,1,test,pose,3,7,NA,12.901,False,,12.262,4,FALSE,TRUE
7,PKBB_33,8,221,M,1,test,pose,4,1,0.7988271122760169,18.894,False,,18.894,1,FALSE,TRUE
7,PKBB_33,8,221,M,1,test,animacy,2,5,0.9227945261963032,15.44,False,,15.44,3,FALSE,TRUE
7,PKBB_33,9,221,M,1,test,number,6,3,0.7736437889805152,21.139,False,,13.559,2,FALSE,TRUE
7,PKBB_33,9,221,M,1,test,background,5,7,0.9505571296969924,13.175,False,,12.327,4,FALSE,FALSE
7,PKBB_34,8,215,F,1,test,number,2,1,0.8570422183881913,36.163,False,,21.79300000000001,1,FALSE,TRUE
7,PKBB_34,8,215,F,1,test,background,5,3,0.5491867655799503,18.66,False,,8.668,2,FALSE,FALSE
7,PKBB_34,9,215,F,1,test,identity,4,5,0.6797996576437875,23.032,False,,10.841,3,FALSE,TRUE
7,PKBB_34,9,215,F,1,test,pose,6,7,0.5854056088761851,22.897,False,,15.488,4,FALSE,TRUE
7,PKBB_35,8,211,M,1,test,animacy,2,1,0.5802006814002049,60,False,,19.422999999999995,1,FALSE,TRUE
7,PKBB_35,8,211,M,1,test,pose,4,5,0.5456228472240207,29.862,False,,13.052999999999995,3,FALSE,TRUE
7,PKBB_35,9,211,M,1,test,identity,6,3,0.5110886186080829,35.012,False,,23.753,2,FALSE,TRUE
7,PKBB_36,8,261,F,1,test,identity,5,1,0.7541566621591425,30.055,False,,9.392,1,FALSE,TRUE
7,PKBB_36,8,261,F,1,test,number,2,7,0.9820671253734164,8.234,False,,8.234,4,FALSE,TRUE
7,PKBB_36,9,261,F,1,test,pose,3,3,0.9798043831653542,17.736,False,,6.649000000000001,2,FALSE,TRUE
7,PKBB_36,9,261,F,1,test,background,1,5,0.938132778548462,10.188,False,,10.188,3,FALSE,FALSE
7,PKBB_37,8,264,F,1,test,identity,4,7,0.5451357754988548,14.359000000000002,False,,3.886,4,FALSE,TRUE
7,PKBB_37,9,264,F,1,test,animacy,2,5,0.7220706533293973,26.075,False,,9.250999999999998,3,FALSE,TRUE
7,PKBB_38,8,219,M,1,test,background,4,1,0.7269854268739332,18.991,False,,9.724999999999998,1,FALSE,FALSE
7,PKBB_38,8,219,M,1,test,identity,2,5,0.5726571829418038,11.96,False,,9.101,3,FALSE,TRUE
7,PKBB_38,9,219,M,1,test,number,3,3,0.8584059772986897,36.924,False,,22.303,2,FALSE,TRUE
7,PKBB_39,8,216,M,1,test,background,3,1,0.8230526233214659,33.552,False,,29.397,1,FALSE,FALSE
7,PKBB_39,9,216,M,1,test,pose,6,5,0.6636692995407726,14.505999999999998,False,,12.338,3,FALSE,TRUE
7,PKBB_40,8,217,F,1,test,pose,4,1,0.7617872351944649,16.955,False,,10.521999999999997,1,FALSE,TRUE
7,PKBB_41,8,290,F,1,test,background,4,5,0.6301255747267389,44.06800000000001,False,,42.07,3,FALSE,FALSE
7,PKBB_41,8,290,F,1,test,pose,2,7,0.7687877049767273,26.627,False,,24.539,4,FALSE,TRUE
7,PKBB_41,9,290,F,1,test,number,3,1,0.7233193305202242,37.398,False,,36.759,1,FALSE,TRUE
7,PKBB_41,9,290,F,1,test,identity,6,3,0.7072773159450938,57.842,False,,37.478,2,FALSE,TRUE
7,PKBB_42,8,282,M,1,test,identity,2,5,0.924061244646372,20.689,False,,19.737,3,FALSE,TRUE
7,PKBB_42,8,282,M,1,test,number,6,7,0.7328898813361472,23.549,False,,8.811000000000002,4,FALSE,TRUE
7,PKBB_42,9,282,M,1,test,animacy,3,1,0.9791718387197292,22.265,False,,20.866,1,FALSE,TRUE
7,PKBB_42,9,282,M,1,test,background,4,3,0.9327724630242088,9.932,False,,9.932,2,FALSE,FALSE
7,PKBB_43,8,275,F,1,test,identity,2,1,0.6706476893256749,36.126,False,,33.274,1,FALSE,TRUE
7,PKBB_43,9,275,F,1,test,background,3,3,0.6362094445717339,31.095,False,,22.629,2,FALSE,FALSE
7,PKBB_43,9,275,F,1,test,pose,5,5,0.5669401619816719,36.454,False,,29.29499999999999,3,FALSE,TRUE
7,PKBB_44,8,233,F,1,test,pose,1,5,0.6287966623562603,38.076,False,,36.68,3,FALSE,TRUE
7,PKBB_44,8,233,F,1,test,background,5,7,0.7992901355439491,34.168,False,,29.081000000000003,4,FALSE,FALSE
7,PKBB_44,9,233,F,1,test,identity,3,1,0.7242956923242387,13.532,False,,12.312,1,FALSE,TRUE
7,PKBB_44,9,233,F,1,test,animacy,2,3,0.6333662677008032,60,False,,54.24800000000001,2,FALSE,TRUE
7,PKBB_45,8,299,F,1,test,background,1,1,0.2095191465182737,60,False,,3.3930000000000007,1,FALSE,FALSE
7,PKBB_45,8,299,F,1,test,animacy,3,7,0.7103556267311328,45.856,False,,45.856,4,FALSE,TRUE
7,PKBB_45,9,299,F,1,test,pose,4,3,0.7774130876842601,60,False,,60,2,FALSE,TRUE
7,PKBB_45,9,299,F,1,test,number,2,5,0.7339229171748719,53.089,False,,53.089,3,FALSE,TRUE
7,PKBB_46,8,267,M,1,test,pose,2,1,0.7171531790462393,60,False,,56.37300000000001,1,FALSE,TRUE
7,PKBB_46,8,267,M,1,test,background,6,5,0.8813026057602116,60.083,False,,16.421,3,FALSE,FALSE
7,PKBB_46,9,267,M,1,test,number,5,3,0.7521608553017354,60,False,,59.482,2,FALSE,TRUE
7,PKBB_46,9,267,M,1,test,animacy,1,7,0.7273662621173195,60,False,,4.302999999999997,4,FALSE,TRUE
7,PKBB_48,8,303,M,1,test,number,6,1,0.8183123621395869,36.438,False,,9.568000000000008,1,FALSE,TRUE
7,PKBB_48,9,303,M,1,test,identity,1,3,0.92203102066557,13.648,False,,13.648,2,FALSE,TRUE
7,PKBB_49,8,268,M,1,test,animacy,6,5,NA,19.375,False,,19.375,3,FALSE,TRUE
7,PKBB_49,8,268,M,1,test,identity,3,7,NA,18.539,False,,18.539,4,FALSE,TRUE
7,PKBB_49,9,268,M,1,test,background,2,1,0.3909770359634345,10.595,False,,8.559000000000001,1,FALSE,FALSE
7,PKBB_49,9,268,M,1,test,pose,1,3,0.6510308049649332,17.02,False,,15.902999999999995,2,FALSE,TRUE
7,PKBB_50,8,294,F,1,test,pose,1,1,0.6343666595037257,30.289,False,,15.846000000000004,1,FALSE,TRUE
7,PKBB_50,9,294,F,1,test,identity,3,5,0.7584846476468146,41.798,False,,18.572,3,FALSE,TRUE
7,PKBB_51,9,322,F,1,test,animacy,1,1,0.74739191052933,46.37600000000001,False,,43.49800000000001,1,FALSE,TRUE
7,PKBB_51,9,322,F,1,test,number,2,3,0.6364682532208306,12.545,False,,10.586,2,FALSE,TRUE
7,PKBB_52,8,266,F,1,test,number,4,1,0.6654140368278852,60,False,,18.190999999999995,1,FALSE,TRUE
7,PKBB_52,8,266,F,1,test,animacy,5,5,0.6958189481120317,34.818000000000005,False,,3.741999999999997,3,FALSE,TRUE
7,PKBB_52,9,266,F,1,test,identity,1,3,0.7173290681333179,58.69300000000001,False,,17.107,2,FALSE,TRUE
7,PKBB_52,9,266,F,1,test,background,3,7,0.7858777209739998,49.846,False,,12.991,4,FALSE,FALSE
7,PKBB_54,8,262,F,1,test,number,1,5,0.6845882398333001,22.119,False,,11.797999999999998,3,FALSE,TRUE
7,PKBB_55,8,206,M,1,test,identity,3,1,0.5942847217887947,24.976,False,,23.737,1,FALSE,TRUE
7,PKBB_55,8,206,M,1,test,background,5,3,0.8488566722437652,28.081,False,,28.081,2,FALSE,FALSE
7,PKBB_55,9,206,M,1,test,number,1,7,0.6776299767409053,11.469,False,,5.534,4,FALSE,TRUE
7,PKBB_56,8,249,F,1,test,background,3,1,0.7998652828782414,25.147,False,,23.709999999999997,1,FALSE,FALSE
7,PKBB_56,8,249,F,1,test,identity,5,5,0.5331848549842835,28.105,False,,20.738000000000003,3,FALSE,TRUE
7,PKBB_56,9,249,F,1,test,animacy,4,3,0.7710759037708286,23.781,False,,22.692,2,FALSE,TRUE
7,PKBB_56,9,249,F,1,test,pose,1,7,0.8822137051886254,18.229,False,,10.945,4,FALSE,TRUE
7,PKBB_57,8,347,M,1,test,animacy,4,1,0.7366185477330727,50.658,False,NA,40.282,1,FALSE,TRUE
7,PKBB_57,8,347,M,1,test,background,2,5,0.5546792545564255,16.039,False,NA,4.307000000000002,3,FALSE,FALSE
7,PKBB_57,9,347,M,1,test,pose,1,3,0.6503854212689457,27.026,False,NA,24.032,2,FALSE,TRUE
7,PKBB_57,9,347,M,1,test,identity,6,7,0.643444863133636,22.473,False,NA,20.126,4,FALSE,TRUE
